{
    "type": "minecraft:diamondworldtype",
    "generator": {
        "type": "minecraft:flat",
        "settings": {
            "lakes": true,
            "layers": [
                {
                    "height": 4,
                    "block": "bedrock"
                },
                {
                    "height": 1,
                    "block": "ancient_debris"
                },
                {
                    "height": 20,
                    "block": "diamond_block"
                },
                {
                    "height": 2,
                    "block": "honey_block"
                }
            ],
            "structures": {
                "structures": {}
            }
        }
    }
}